label,category,text
scam,kyc,"Dear customer your SBI YONO account will be blocked today due to pending KYC. Update PAN immediately at http://sbi-kyc-verify.co/update to avoid suspension."
scam,kyc,"URGENT: Your HDFC netbanking is suspended. Complete e-KYC within 24 hrs click bit.ly/hdfc-kyc-upd or account will be permanently closed."
scam,kyc,"Your Paytm KYC is expired. Call our executive at 9876543210 immediately to reactivate wallet otherwise balance will be frozen."
scam,kyc,"Dear user, your PAN card is not linked with bank account. Your account will be deactivated tonight. Link now: http://pan-link-update.xyz"
scam,kyc,"ICICI: Your credit card reward points 7,850 expire today. Redeem in cash now at https://icici-rewardz.in/redeem enter card details to claim."
scam,kyc,"Your Aadhaar linked mobile number will be disconnected in 2 hours as per TRAI. Press 9 or call 7003214589 to avoid disconnection."
scam,kyc,"Dear Customer, Your account has been temporarily locked due to suspicious activity. Verify your identity now at http://secure-axisbank-login.com"
scam,kyc,"Kotak alert: KYC pending. Your debit card will be blocked. Share the OTP sent to your mobile with our verification officer to continue services."
scam,upi,"Congratulations! You have received a cashback of Rs 2,500 from PhonePe. Enter your UPI PIN to receive the amount in your account."
scam,upi,"Hi, I am buying your sofa listed on OLX. I am army officer, I will send payment via QR code, just scan and enter UPI PIN to receive 15000."
scam,upi,"Sorry bhai I sent 5000 to your number by mistake, please return it on GPay urgently, it was for my mother's hospital bill. I'm sending request now."
scam,upi,"Your electricity refund of Rs.1,248 is approved. Accept the collect request from refund@ybl to receive money in your bank account."
scam,upi,"Google Pay Rewards: You won a scratch card worth Rs 4,999! Approve the payment request to credit the reward instantly."
scam,upi,"Dear customer, a payment of Rs 49,999 is being processed from your account. If not done by you, call 8918273645 immediately and share OTP to cancel."
scam,upi,"PhonePe security team: Your UPI ID is being misused. To secure it tell us your 6 digit UPI PIN and the OTP received now."
scam,upi,"I'm from your cousin's office, he asked me to collect 2000 for the parcel. Scan the QR I am sending and enter your PIN."
scam,electricity,"Dear Consumer your electricity power will be disconnected tonight at 9.30pm because your previous month bill was not update. Please immediately contact our electricity officer 8260XXXX12. Thank you"
scam,electricity,"BESCOM notice: Your connection will be cut today due to unpaid bill. Pay Rs 10 verification fee via link http://bescom-bill-pay.online to stop disconnection."
scam,electricity,"Electricity Board: Last warning, power supply disconnection at 10pm today. Download the app Quick Support and call 9123456780 to update bill."
scam,job,"Part time job offer! Earn Rs 5000-15000 daily from home by liking YouTube videos. No experience needed. Contact HR on WhatsApp wa.me/919812345670"
scam,job,"Hello, I am Priya from Amazon HR. We are hiring for online work, 30 min per day, salary 8000/day. Reply YES to start. Limited seats."
scam,job,"Congratulations! You have been selected for the Data Entry position at Deloitte. Pay Rs 2,999 registration fee for the offer letter and training kit."
scam,job,"Work from home job: rate hotels on Google Maps and earn Rs 150 per review. Join our Telegram task group t.me/earn-daily-task now."
scam,job,"Your resume has been shortlisted for Air India cabin crew. Deposit refundable security amount Rs 7,500 for interview slot confirmation today."
scam,job,"Earn money by completing simple prepaid tasks. Invest Rs 1000 and get Rs 1500 back within 1 hour. Guaranteed profit. DM for task link."
scam,job,"Dear candidate, you are selected for Infosys work from home. Send your Aadhaar, PAN and bank details to hr.infosys.recruit@gmail.com for joining."
scam,job,"Hiring now: Part-time job, daily payout Rs 3000-8000. Just 2 hours needed. Click https://tinyurl.com/job-daily-pay to register."
scam,job,"We are from Naukri placement. Your profile is selected for MNC job with 45 LPA package. Pay processing charges of Rs 4,500 to proceed."
scam,job,"Offer letter: You are hired as Remote Customer Support at Google. To activate your employee ID, purchase the laptop from our authorised vendor, amount will be reimbursed."
scam,job,"Earn 25,000 per week by just forwarding messages. No investment*. Registration fee Rs 499 only. Hurry, offer valid today."
scam,delivery,"India Post: Your package is on hold due to incomplete address. Update within 12 hours at https://indiapost-redelivery.top otherwise it will be returned."
scam,delivery,"FedEx: A parcel in your name contains illegal items and passports. Mumbai cyber police will contact you. Press 1 to speak to officer."
scam,delivery,"DHL: Your shipment could not be delivered. Pay customs duty Rs 49 at http://dhl-customs-pay.info to reschedule delivery."
scam,delivery,"Your Amazon order #408-2231 has been cancelled due to payment failure. Click here to refund amount: amzn-refund-help.com/claim"
scam,digital_arrest,"This is CBI officer. Your Aadhaar is used in money laundering case. You are under digital arrest. Do not disconnect the video call and do not tell family."
scam,digital_arrest,"Customs department: A parcel with drugs has been seized in your name. Transfer Rs 1,50,000 as security deposit to RBI verification account to clear your name."
scam,digital_arrest,"Mumbai Police Cyber Cell: A FIR is registered against your mobile number. Join Skype video call immediately for statement or arrest warrant will be issued."
scam,digital_arrest,"TRAI notice: Your number will be blocked in 2 hours due to illegal activity. Press 9 to speak with the investigation officer."
scam,lottery,"Congratulations! Your mobile number has won Rs 25,00,000 in KBC Lucky Draw. Call Rana Pratap on 9876501234 to claim. Processing fee applicable."
scam,lottery,"You have won an iPhone 15 Pro in the Flipkart anniversary lucky draw! Pay Rs 199 shipping to claim your prize: flipkart-lucky-win.shop"
scam,lottery,"WINNER!! Your email ID has been selected for 750,000 GBP in the Coca-Cola Promotion. Send your name, address and bank details to claim."
scam,lottery,"Jio 5G Free Recharge: Get 3 months free recharge of Rs 719. Click and share with 10 friends: jio-free5g-offer.net"
scam,lottery,"Dear lucky winner, Tata Safari car is waiting for you. Pay registration tax Rs 12,500 to our officer to release the vehicle."
scam,investment,"Join our stock market VIP WhatsApp group. Guaranteed 300% returns in 30 days on IPO allotment. Minimum invest 10,000. Limited seats."
scam,investment,"Crypto trading opportunity! Double your Bitcoin in 7 days with our AI trading bot. Deposit USDT today and withdraw anytime."
scam,investment,"Madam I am financial advisor from Zerodha premium. Our insider tips give 20% daily profit. Transfer to our company account to open special account."
scam,investment,"Invest Rs 5000 and earn Rs 500 daily for life. 100% safe government approved scheme. Refer friends to earn more commission."
scam,investment,"Exclusive: Institutional account for block trades, 5x returns guaranteed. Download our app from this link, not on Play Store for security reasons."
scam,loan,"Instant loan approved Rs 5,00,000 without CIBIL check. Pay Rs 1,999 processing fee first to release funds today."
scam,loan,"Your pre-approved personal loan of Rs 3 lakh is ready. Download the Cash Advance app from http://cashadv-loan.apk.link and allow contacts access."
scam,loan,"Dear customer, you have not repaid loan. We will send your morphed photos to all your contacts if you don't pay Rs 8,000 in 1 hour."
scam,impersonation,"Hi Mom, I lost my phone, this is my new number. I need to pay an urgent bill, can you send 15,000 to this account? I'll explain later."
scam,impersonation,"Hello sir, this is your CEO. I'm in a meeting and need you to buy 5 Amazon gift cards of 10,000 each for a client urgently. Send me the codes."
scam,impersonation,"This is Rahul, your son's friend. He had an accident and is in hospital. Please send Rs 40,000 for surgery right now, doctor is waiting."
scam,impersonation,"Dear sir, I am calling from Microsoft technical department. Your computer has virus. Install AnyDesk and give us the code to fix it."
scam,impersonation,"Income Tax Department: You are eligible for a tax refund of Rs 15,490. Submit your bank account and card details at http://incometax-refund-gov.in"
scam,impersonation,"Hello this is from SBI head office. Your ATM card is expired. Tell me the 16 digit number and CVV so we can issue new card."
scam,impersonation,"Dear customer, this is Airtel. Your SIM will be upgraded to 5G. Reply with the OTP received to complete eSIM activation."
scam,impersonation,"Netflix: Your membership is on hold because we couldn't validate your billing information. Update payment details: netflix-billing-support.com"
scam,impersonation,"Apple ID: Your account has been locked for security reasons. Verify your information at appleid-verify-secure.com within 24 hours."
scam,impersonation,"PayPal: We noticed unusual activity. Your account is limited. Log in to restore access http://paypa1-resolution.com"
scam,phishing,"Your mailbox has exceeded its storage limit. Click here to validate your account or you will stop receiving emails: http://mail-quota-upgrade.webflow.io"
scam,phishing,"Microsoft 365: Your password expires today. Keep the same password by confirming here https://login-microsoftonline.support-portal.net"
scam,phishing,"Dear user, a document has been shared with you via OneDrive. Sign in with your email credentials to view the invoice."
scam,phishing,"Your Instagram account will be deleted in 24 hours for copyright violation. Appeal here: http://instagram-copyright-appeal.help"
scam,phishing,"WhatsApp: Your account will expire. Verify now by entering the 6 digit code we sent you: reply with the code."
scam,phishing,"Hi, is this you in this video?? lol check it out bit.ly/3xVidz0"
scam,phishing,"Final notice: Your vehicle has an unpaid e-challan of Rs 2,000. Pay now at http://echallan-parivahan.pay-online.top to avoid court action."
scam,phishing,"FASTag KYC expired. Your FASTag will be blacklisted today. Update now: http://fastag-kyc-update.site"
scam,phishing,"Your Aadhaar card update is pending. Update biometric details online now to avoid cancellation. Click http://uidai-update.online"
scam,romance,"Hi dear, I am Jessica from UK, I sent you a gift parcel with jewellery and dollars. Customs is asking Rs 35,000 clearance, please pay and I will return."
scam,romance,"My love, I'm stuck at the airport and my cards are blocked. Please send me $800 through Western Union, I'll pay you back when I land."
scam,sextortion,"I have recorded your video call. Pay Rs 50,000 in 2 hours or I will upload it on YouTube and send to your family and friends."
scam,otp,"Sir I have sent a 6 digit code to your phone by mistake, it's for my account, please send it back to me urgently."
scam,otp,"Your Swiggy account is being deleted. To cancel, share the OTP you received with customer care agent on this chat."
scam,otp,"Bank verification: please read out the OTP you just received so we can reverse the fraudulent transaction."
scam,otp,"To receive your refund from Zomato we need to verify you. Forward the OTP message you get in the next minute."
scam,tech_support,"Your Windows license has expired and your data is at risk. Call Microsoft Support toll free 1-800-XXX-2291 now."
scam,tech_support,"Norton Subscription renewed for $399.99. If you did not authorise this, call our billing department at +1 808-XXX-4432 to cancel."
scam,charity,"Help needed urgently: flood victims in Assam. Donate via this UPI ID floodrelief2026@okaxis. Every rupee counts. Forward to all groups."
scam,rental,"Flat available near metro, 2BHK for 12,000. I am posted outside the city (army), send 2 months advance and I'll courier the keys."
scam,sim_swap,"Dear customer, your SIM card will be deactivated. To continue, send SMS 'SIM 12 digit number' to 9811122233 today."
scam,job,"Earn from home! Amazon product review job. Pay Rs 1,000 to unlock high commission tasks. Withdraw earnings after 3 tasks."
scam,job,"Selected!!! Govt job without exam in Railways. Contact our agent and pay Rs 50,000 for guaranteed appointment letter."
scam,upi,"Hello, your friend has sent you Rs 2,000 via UPI. To accept the money please enter your UPI PIN on the next screen."
scam,kyc,"BOI: Dear customer your account will be suspend today please update your PAN card click here http://boi-kyc.xyz/pan"
scam,phishing,"Unusual sign-in activity detected on your Google account. If this wasn't you, secure your account: https://google-security-check.accounts-verify.co"
scam,investment,"Gold rate falling! Buy digital gold at 40% discount only today through our private link. Pay to UPI goldoffer@ybl."
scam,lottery,"Your SIM number has been selected for Rs 12 lakh prize in Airtel Diwali bonanza. Deposit Rs 8,900 GST to receive the cheque."
scam,delivery,"Customs: A gift box from abroad addressed to you is held. Pay customs clearance charge via the link to release: parcel-clearance-in.com"
scam,loan,"Get Rs 50,000 loan in 5 minutes. No documents. Just pay insurance fee Rs 999 on this UPI and money will be credited."
scam,phishing,"Your credit card has been charged Rs 24,999 for an order. If not you, click http://cancel-order-now.help and enter card number to dispute."
scam,impersonation,"Hi, this is your landlord. My bank account has changed, please pay this month's rent to the new account 30112244556 IFSC ABCD0000123."
scam,job,"Congratulations you are shortlisted for Wipro. Final step: pay Rs 3,500 for background verification to this Paytm number."
scam,phishing,"EPFO: Your PF withdrawal claim is rejected. Update your bank details immediately at epfo-claim-update.in to receive Rs 68,000."
scam,kyc,"LIC policy lapsed! Your bonus of Rs 1,20,000 will be forfeited. Share your policy number and bank OTP to claim before midnight."
scam,upi,"Scan this QR code to receive your cashback of Rs 500 from the store. Enter your PIN after scanning."
scam,otp,"Hello I am delivery boy from Amazon, your parcel is here but need OTP to cancel return request, please tell me the OTP you received."
scam,investment,"Our crypto mining pool pays 3% daily interest. Deposit now, referral bonus 10%. Screenshot proof of 2 lakh withdrawals attached."
scam,impersonation,"Dear parent, this is school accounts. Due to technical issue pay the pending fees today via this link or your child's admission will be cancelled."
scam,tech_support,"ALERT: Your phone is infected with 5 viruses. Tap here to download cleaner app immediately or your photos will be deleted."
scam,phishing,"Your DigiLocker account needs re-verification. Sign in at digilocker-verify.online with Aadhaar and OTP within 24 hours."
scam,kyc,"Your gas connection subsidy is pending due to incomplete KYC. Call 7890123456 and share your bank details to receive subsidy today."
ham,bank,"Your a/c XX1234 is debited for Rs 450.00 on 12-Sep-26 by UPI ref 426512345678. If not done by you, call the number on the back of your card."
ham,bank,"123456 is your OTP for login to HDFC Bank NetBanking. Do not share this OTP with anyone. HDFC Bank never asks for OTP."
ham,bank,"Rs 25,000 credited to your A/c XX8891 on 01-Sep-26 by NEFT from ACME TECHNOLOGIES PVT LTD. Avl Bal Rs 41,210."
ham,bank,"Dear Customer, your credit card statement for Aug 2026 is generated. Total due Rs 8,245. Due date 20-Sep-26. Pay via the bank app."
ham,bank,"Your SBI debit card ending 4421 was used for Rs 1,299 at BigBazaar on 04 Sep. Not you? Block the card from YONO app or branch."
ham,bank,"Your UPI transaction of Rs 120 to CHAI POINT was successful. Ref no 425611223344."
ham,bank,"Your FD no. 5566 of Rs 1,00,000 has matured and been credited to your savings account."
ham,bank,"Reminder: EMI of Rs 6,420 for your home loan will be debited on 05-Oct. Please maintain sufficient balance."
ham,bank,"482913 is the OTP to verify your mobile number on Swiggy. It is valid for 10 minutes."
ham,bank,"Your KYC documents have been successfully verified. Thank you for banking with us. No further action is needed."
ham,delivery,"Your Amazon order of 'USB-C cable' has been shipped and will arrive by Thursday. Track in the Amazon app under Your Orders."
ham,delivery,"Out for delivery: Your Flipkart package will arrive today. Share OTP 5521 with the delivery agent only at the time of delivery."
ham,delivery,"Your Swiggy order is on the way. Ravi is your delivery partner and will reach in 12 mins."
ham,delivery,"India Post: Speed Post article EE123456789IN has been delivered at 14:32."
ham,delivery,"Your Zomato order from Paradise Biryani has been delivered. Enjoy your meal! Rate your experience in the app."
ham,delivery,"Blue Dart: Shipment 88123456 is scheduled for delivery tomorrow between 10 AM and 6 PM."
ham,travel,"Your IRCTC ticket PNR 4521367890 for train 12627 on 15-Oct is CONFIRMED. Coach B2, berth 34."
ham,travel,"IndiGo: Web check-in is now open for flight 6E 204 BLR-DEL on 22 Sep. Boarding pass available in the app."
ham,travel,"Your Uber ride with Suresh in a white Swift KA01AB1234 is arriving in 3 minutes."
ham,travel,"Ola: Thanks for riding with us. Your trip fare is Rs 186. Rate your driver in the app."
ham,travel,"Your hotel booking at Lemon Tree Pune is confirmed for 3 Oct - 5 Oct. Check-in from 2 PM."
ham,health,"Dr. Mehta's clinic: Your appointment is confirmed for Tuesday 10:30 AM. Please arrive 10 minutes early. Reply C to cancel."
ham,health,"Apollo Pharmacy: Your medicines are ready for pickup at the Indiranagar store."
ham,health,"Reminder: Your child's vaccination (MMR 2nd dose) is due next week. Please visit the paediatric OPD."
ham,health,"Your lab test report is ready. View it on the Thyrocare app using your registered number."
ham,personal,"Hey, are we still meeting at 7 near the cafe? Let me know if you're running late."
ham,personal,"Mom said dinner is at 8 tonight, don't forget to pick up the curd on your way."
ham,personal,"Happy birthday bro! Have an amazing year ahead. Party soon?"
ham,personal,"Can you send me the notes from today's DBMS lecture? I missed the second half."
ham,personal,"Reached home safely. Thanks for dropping me at the station."
ham,personal,"I'll transfer my share of the dinner bill tonight, it was 650 right?"
ham,personal,"Don't forget grandma's anniversary puja on Sunday morning at 9."
ham,personal,"Class is cancelled tomorrow, sir will take an extra lecture on Saturday instead."
ham,personal,"Hi, it's Ananya from the project group. Can we meet in the library at 4 to finish the slides?"
ham,personal,"Running 10 minutes late, traffic near Silk Board is crazy as usual."
ham,personal,"Did you watch the match yesterday? That last over was unbelievable."
ham,personal,"Please call me when you're free, need to discuss the rent split for next month."
ham,personal,"Sending you the photos from the trip now, some of them came out really well."
ham,personal,"Can you pick up Aarav from tuition at 6? I'm stuck in a meeting."
ham,personal,"Thanks for the book recommendation, I finished it in two days!"
ham,personal,"Good morning! Weather looks nice today, want to go for a walk in the evening?"
ham,work,"Hi team, reminder that the sprint review is at 3 PM today in conference room B."
ham,work,"Please find attached the minutes of yesterday's meeting. Let me know if I missed anything."
ham,work,"Your leave request for 2-4 October has been approved by your manager."
ham,work,"The office will remain closed on Monday on account of Gandhi Jayanti."
ham,work,"Can you review my pull request before EOD? It fixes the login page bug."
ham,work,"Payroll: Your salary slip for September 2026 is available on the HR portal."
ham,work,"Reminder: submit your investment declarations on the HR portal by 30 September."
ham,work,"Hi Arjun, thanks for your application. We'd like to schedule a technical interview on Friday at 11 AM over Google Meet. Please confirm your availability."
ham,work,"We received your application for the Software Engineer Intern role. Our team will review it and get back to you within 2 weeks."
ham,work,"Congratulations! Following your interviews, we're pleased to extend an offer for the Analyst role. HR will share the formal letter and joining details by email."
ham,work,"The campus placement drive by TCS is on 18 Oct. Eligible students should register on the college portal by Friday."
ham,work,"Interview feedback: Thank you for your time. Unfortunately we will not be moving forward, but we'll keep your profile for future roles."
ham,work,"The quarterly town hall has been moved to Thursday 4 PM. Join link is in the calendar invite."
ham,service,"Your Airtel bill of Rs 499 for Sep 2026 is generated. Due date 28-Sep. Pay using Airtel Thanks app."
ham,service,"Jio: You have used 80% of your daily data. Speed will be reduced after 100%."
ham,service,"Your electricity bill for August is Rs 1,342. Due date 25 Sep. Pay via BBPS in any UPI app or at the office."
ham,service,"BESCOM: Scheduled maintenance power cut in your area on 20 Sep from 10 AM to 2 PM."
ham,service,"Your Netflix subscription was renewed successfully. Next billing date: 24 Oct."
ham,service,"Your password was changed successfully. If this wasn't you, reset it from the official app settings."
ham,service,"New sign-in to your Google Account on a Windows device. If this was you, no action is needed."
ham,service,"Your DTH recharge of Rs 350 was successful. Validity till 23 Oct."
ham,service,"Your gas cylinder booking is confirmed. Booking no 2211. Delivery expected within 2 days."
ham,service,"Library: The book 'Operating System Concepts' is due for return on 30 Sep."
ham,service,"Your Aadhaar update request URN 1234/5678 has been processed successfully."
ham,service,"Your passport application is under police verification. Track status on the official Passport Seva portal."
ham,service,"LIC: Premium of Rs 12,450 received for policy 55667788. Thank you."
ham,service,"Your FASTag has been recharged with Rs 500. Available balance Rs 740."
ham,service,"Traffic e-challan: No pending challans on your vehicle as of today."
ham,shopping,"Big Billion Days start on 1 Oct. Explore deals in the Flipkart app."
ham,shopping,"Thanks for shopping at DMart. Your bill amount is Rs 2,145. Visit again!"
ham,shopping,"Your return request for order 402-1122 has been accepted. Refund will be credited to the original payment method in 5-7 days."
ham,shopping,"Myntra: The item in your wishlist is now back in stock."
ham,shopping,"Your refund of Rs 799 has been processed and will reflect in your account within 3 working days."
ham,education,"Semester results are published on the university website. Log in with your roll number to view."
ham,education,"Reminder: Mini project review 2 is scheduled for 26 Sep. Submit your report to the guide before the review."
ham,education,"The exam timetable for the end semester has been uploaded to the student portal."
ham,education,"Your scholarship application has been received. Document verification is at the college office on Monday."
ham,education,"Coursera: You've completed 60% of Machine Learning Specialization. Keep going!"
ham,government,"Your vote matters. Polling in your constituency is on 12 Nov. Check your polling booth on the official voter portal."
ham,government,"Income Tax: Your ITR for AY 2026-27 has been processed. Refund of Rs 3,420 is determined and will be credited to your validated bank account."
ham,government,"Cyber safety tip from your bank: Never share your OTP, PIN or CVV with anyone, including bank staff."
ham,general,"Weather alert: Heavy rain expected in your city tomorrow. Carry an umbrella and avoid waterlogged roads."
ham,general,"Your friend Rohan has joined WhatsApp. Say hi!"
ham,general,"Society notice: Water supply will be interrupted on Saturday 9 AM to 1 PM due to tank cleaning."
ham,general,"The gym will be closed on Sunday for maintenance. Regular timings resume Monday."
ham,general,"Your table for 4 at Barbeque Nation is confirmed for 8 PM tonight."
ham,general,"PVR: Your tickets for 'Interstellar' on 20 Sep 7:15 PM are confirmed. Seats F11, F12."
ham,general,"Hi, this is a reminder that the society maintenance of Rs 2,500 is due by the 10th. Pay at the office or via the society app."
ham,general,"Your parcel locker code is 7731. Collect within 48 hours from the Amazon locker at the metro station."
ham,general,"Thank you for your donation to the college fest. Your receipt number is FEST-2026-114."
ham,email,"Hi Priya, attaching the revised budget sheet. Could you check the numbers in tab 2 before Friday's call? Thanks, Karthik"
ham,email,"Dear students, the guest lecture on cloud computing will be held in Seminar Hall 2 at 11 AM. Attendance is mandatory."
ham,email,"Your GitHub repository 'sentinel' has a new star. Keep building!"
ham,email,"Welcome to the newsletter! You'll receive our weekly roundup every Monday. You can unsubscribe at any time from your account settings."
ham,email,"Hello, following up on our conversation last week — are you available for a quick call on Wednesday to go over the proposal?"
ham,email,"Your subscription receipt: Spotify Premium Individual, Rs 119, paid via card ending 4410."
